-- phpMyAdmin SQL Dump
-- version 5.0.2
-- https://www.phpmyadmin.net/
--
-- Host: 127.0.0.1
-- Generation Time: Jan 07, 2025 at 04:57 AM
-- Server version: 10.4.11-MariaDB
-- PHP Version: 7.4.4

SET SQL_MODE = "NO_AUTO_VALUE_ON_ZERO";
START TRANSACTION;
SET time_zone = "+00:00";


/*!40101 SET @OLD_CHARACTER_SET_CLIENT=@@CHARACTER_SET_CLIENT */;
/*!40101 SET @OLD_CHARACTER_SET_RESULTS=@@CHARACTER_SET_RESULTS */;
/*!40101 SET @OLD_COLLATION_CONNECTION=@@COLLATION_CONNECTION */;
/*!40101 SET NAMES utf8mb4 */;

--
-- Database: `db_mhs`
--
CREATE DATABASE IF NOT EXISTS `db_mhs` DEFAULT CHARACTER SET utf8mb4 COLLATE utf8mb4_general_ci;
USE `db_mhs`;

-- --------------------------------------------------------

--
-- Table structure for table `tb_mhs`
--

CREATE TABLE `tb_mhs` (
  `id` int(11) NOT NULL,
  `nama` varchar(20) NOT NULL,
  `nim` int(8) NOT NULL,
  `alamat` varchar(30) NOT NULL
) ENGINE=InnoDB DEFAULT CHARSET=utf8mb4;

--
-- Dumping data for table `tb_mhs`
--

INSERT INTO `tb_mhs` (`id`, `nama`, `nim`, `alamat`) VALUES
(1, 'Darmawan Laoni', 12345678, 'Bekasi'),
(2, 'Najwa Karima', 11882277, 'Candi');

--
-- Indexes for dumped tables
--

--
-- Indexes for table `tb_mhs`
--
ALTER TABLE `tb_mhs`
  ADD PRIMARY KEY (`id`);

--
-- AUTO_INCREMENT for dumped tables
--

--
-- AUTO_INCREMENT for table `tb_mhs`
--
ALTER TABLE `tb_mhs`
  MODIFY `id` int(11) NOT NULL AUTO_INCREMENT, AUTO_INCREMENT=3;
--
-- Database: `penggajian`
--
CREATE DATABASE IF NOT EXISTS `penggajian` DEFAULT CHARACTER SET utf8mb4 COLLATE utf8mb4_general_ci;
USE `penggajian`;

-- --------------------------------------------------------

--
-- Table structure for table `data_jabatan`
--

CREATE TABLE `data_jabatan` (
  `id_jabatan` int(11) NOT NULL,
  `nama_jabatan` varchar(120) NOT NULL,
  `gaji_pokok` varchar(50) NOT NULL,
  `tj_transport` varchar(50) NOT NULL,
  `uang_makan` varchar(50) NOT NULL
) ENGINE=InnoDB DEFAULT CHARSET=utf8mb4;

--
-- Dumping data for table `data_jabatan`
--

INSERT INTO `data_jabatan` (`id_jabatan`, `nama_jabatan`, `gaji_pokok`, `tj_transport`, `uang_makan`) VALUES
(1, 'Staf Marketing', '4000000', '800000', '500000'),
(2, 'Admin', '4700000', '500000', '450000'),
(3, 'staff Finance', '4500000', '800000', '400000');

-- --------------------------------------------------------

--
-- Table structure for table `data_kehadiran`
--

CREATE TABLE `data_kehadiran` (
  `id_kehadiran` int(11) NOT NULL,
  `bulan` varchar(15) NOT NULL,
  `nik` varchar(50) NOT NULL,
  `nama_pegawai` varchar(225) NOT NULL,
  `jenis_kelamin` varchar(50) NOT NULL,
  `nama_jabatan` varchar(50) NOT NULL,
  `hadir` int(11) NOT NULL,
  `sakit` int(11) NOT NULL,
  `alpha` int(11) NOT NULL
) ENGINE=InnoDB DEFAULT CHARSET=utf8mb4;

--
-- Dumping data for table `data_kehadiran`
--

INSERT INTO `data_kehadiran` (`id_kehadiran`, `bulan`, `nik`, `nama_pegawai`, `jenis_kelamin`, `nama_jabatan`, `hadir`, `sakit`, `alpha`) VALUES
(1, '112024', '1234567890', 'Dani', 'Laki-laki', 'Staf Marketing', 20, 1, 1),
(2, '112024', '1234567898', 'dhika', 'Laki-laki', 'Staf Marketing', 19, 0, 2),
(3, '112024', '112233445566', 'Dinda', 'Perempuan', 'Admin', 18, 2, 1),
(4, '122024', '1234567890', 'Dani', 'Laki-laki', 'Staf Marketing', 22, 0, 0),
(5, '122024', '1234567898', 'dhika', 'Laki-laki', 'Staf Marketing', 21, 0, 1),
(6, '122024', '112233445566', 'Dinda', 'Perempuan', 'Admin', 22, 0, 0),
(7, '012025', '1234567890', 'Dani', 'Laki-laki', 'Staf Marketing', 20, 2, 0),
(8, '012025', '1234567898', 'dhika', 'Laki-laki', 'Staf Marketing', 21, 0, 1),
(9, '012025', '112233445566', 'Dinda', 'Perempuan', 'Admin', 19, 0, 3);

-- --------------------------------------------------------

--
-- Table structure for table `data_pegawai`
--

CREATE TABLE `data_pegawai` (
  `id_pegawai` int(11) NOT NULL,
  `nik` varchar(50) NOT NULL,
  `nama_pegawai` varchar(225) NOT NULL,
  `username` varchar(120) NOT NULL,
  `password` varchar(120) NOT NULL,
  `jenis_kelamin` varchar(20) NOT NULL,
  `jabatan` varchar(50) NOT NULL,
  `tanggal_masuk` date NOT NULL,
  `status` varchar(100) NOT NULL,
  `photo` varchar(225) NOT NULL,
  `hak_akses` int(11) NOT NULL
) ENGINE=InnoDB DEFAULT CHARSET=utf8mb4;

--
-- Dumping data for table `data_pegawai`
--

INSERT INTO `data_pegawai` (`id_pegawai`, `nik`, `nama_pegawai`, `username`, `password`, `jenis_kelamin`, `jabatan`, `tanggal_masuk`, `status`, `photo`, `hak_akses`) VALUES
(1, '1234567890', 'Dani', 'dani', '641521eae872d908b292cd834fdd5863', 'Laki-laki', 'staf marketing', '2024-10-11', 'Pegawai Tetap', 'avatar7.jpeg', 2),
(2, '1234567898', 'dhika', 'dhika', '81dc9bdb52d04dc20036dbd8313ed055', 'Laki-laki', 'staf marketing', '2024-11-01', 'Pegawai Tidak Tetap', 'dhika.jpg', 2),
(3, '112233445566', 'Dinda', 'dinda', '81dc9bdb52d04dc20036dbd8313ed055', 'Perempuan', 'admin', '2024-11-04', 'Pegawai Tetap', 'avatar8.png', 1);

-- --------------------------------------------------------

--
-- Table structure for table `hak_akses`
--

CREATE TABLE `hak_akses` (
  `id` int(11) NOT NULL,
  `keterangan` varchar(100) NOT NULL,
  `hak_akses` int(11) NOT NULL
) ENGINE=InnoDB DEFAULT CHARSET=utf8mb4;

--
-- Dumping data for table `hak_akses`
--

INSERT INTO `hak_akses` (`id`, `keterangan`, `hak_akses`) VALUES
(1, 'admin', 1),
(2, 'pegawai', 2);

-- --------------------------------------------------------

--
-- Table structure for table `potongan_gaji`
--

CREATE TABLE `potongan_gaji` (
  `id` int(11) NOT NULL,
  `potongan` varchar(120) NOT NULL,
  `jml_potongan` int(11) NOT NULL
) ENGINE=InnoDB DEFAULT CHARSET=utf8mb4;

--
-- Dumping data for table `potongan_gaji`
--

INSERT INTO `potongan_gaji` (`id`, `potongan`, `jml_potongan`) VALUES
(1, 'Alpha', 150000);

--
-- Indexes for dumped tables
--

--
-- Indexes for table `data_jabatan`
--
ALTER TABLE `data_jabatan`
  ADD PRIMARY KEY (`id_jabatan`);

--
-- Indexes for table `data_kehadiran`
--
ALTER TABLE `data_kehadiran`
  ADD PRIMARY KEY (`id_kehadiran`);

--
-- Indexes for table `data_pegawai`
--
ALTER TABLE `data_pegawai`
  ADD PRIMARY KEY (`id_pegawai`);

--
-- Indexes for table `hak_akses`
--
ALTER TABLE `hak_akses`
  ADD PRIMARY KEY (`id`);

--
-- Indexes for table `potongan_gaji`
--
ALTER TABLE `potongan_gaji`
  ADD PRIMARY KEY (`id`);

--
-- AUTO_INCREMENT for dumped tables
--

--
-- AUTO_INCREMENT for table `data_jabatan`
--
ALTER TABLE `data_jabatan`
  MODIFY `id_jabatan` int(11) NOT NULL AUTO_INCREMENT, AUTO_INCREMENT=4;

--
-- AUTO_INCREMENT for table `data_kehadiran`
--
ALTER TABLE `data_kehadiran`
  MODIFY `id_kehadiran` int(11) NOT NULL AUTO_INCREMENT, AUTO_INCREMENT=10;

--
-- AUTO_INCREMENT for table `data_pegawai`
--
ALTER TABLE `data_pegawai`
  MODIFY `id_pegawai` int(11) NOT NULL AUTO_INCREMENT, AUTO_INCREMENT=5;

--
-- AUTO_INCREMENT for table `hak_akses`
--
ALTER TABLE `hak_akses`
  MODIFY `id` int(11) NOT NULL AUTO_INCREMENT, AUTO_INCREMENT=3;

--
-- AUTO_INCREMENT for table `potongan_gaji`
--
ALTER TABLE `potongan_gaji`
  MODIFY `id` int(11) NOT NULL AUTO_INCREMENT, AUTO_INCREMENT=3;
--
-- Database: `phpmyadmin`
--
CREATE DATABASE IF NOT EXISTS `phpmyadmin` DEFAULT CHARACTER SET utf8 COLLATE utf8_bin;
USE `phpmyadmin`;

-- --------------------------------------------------------

--
-- Table structure for table `pma__bookmark`
--

CREATE TABLE `pma__bookmark` (
  `id` int(10) UNSIGNED NOT NULL,
  `dbase` varchar(255) COLLATE utf8_bin NOT NULL DEFAULT '',
  `user` varchar(255) COLLATE utf8_bin NOT NULL DEFAULT '',
  `label` varchar(255) CHARACTER SET utf8 NOT NULL DEFAULT '',
  `query` text COLLATE utf8_bin NOT NULL
) ENGINE=InnoDB DEFAULT CHARSET=utf8 COLLATE=utf8_bin COMMENT='Bookmarks';

-- --------------------------------------------------------

--
-- Table structure for table `pma__central_columns`
--

CREATE TABLE `pma__central_columns` (
  `db_name` varchar(64) COLLATE utf8_bin NOT NULL,
  `col_name` varchar(64) COLLATE utf8_bin NOT NULL,
  `col_type` varchar(64) COLLATE utf8_bin NOT NULL,
  `col_length` text COLLATE utf8_bin DEFAULT NULL,
  `col_collation` varchar(64) COLLATE utf8_bin NOT NULL,
  `col_isNull` tinyint(1) NOT NULL,
  `col_extra` varchar(255) COLLATE utf8_bin DEFAULT '',
  `col_default` text COLLATE utf8_bin DEFAULT NULL
) ENGINE=InnoDB DEFAULT CHARSET=utf8 COLLATE=utf8_bin COMMENT='Central list of columns';

-- --------------------------------------------------------

--
-- Table structure for table `pma__column_info`
--

CREATE TABLE `pma__column_info` (
  `id` int(5) UNSIGNED NOT NULL,
  `db_name` varchar(64) COLLATE utf8_bin NOT NULL DEFAULT '',
  `table_name` varchar(64) COLLATE utf8_bin NOT NULL DEFAULT '',
  `column_name` varchar(64) COLLATE utf8_bin NOT NULL DEFAULT '',
  `comment` varchar(255) CHARACTER SET utf8 NOT NULL DEFAULT '',
  `mimetype` varchar(255) CHARACTER SET utf8 NOT NULL DEFAULT '',
  `transformation` varchar(255) COLLATE utf8_bin NOT NULL DEFAULT '',
  `transformation_options` varchar(255) COLLATE utf8_bin NOT NULL DEFAULT '',
  `input_transformation` varchar(255) COLLATE utf8_bin NOT NULL DEFAULT '',
  `input_transformation_options` varchar(255) COLLATE utf8_bin NOT NULL DEFAULT ''
) ENGINE=InnoDB DEFAULT CHARSET=utf8 COLLATE=utf8_bin COMMENT='Column information for phpMyAdmin';

-- --------------------------------------------------------

--
-- Table structure for table `pma__designer_settings`
--

CREATE TABLE `pma__designer_settings` (
  `username` varchar(64) COLLATE utf8_bin NOT NULL,
  `settings_data` text COLLATE utf8_bin NOT NULL
) ENGINE=InnoDB DEFAULT CHARSET=utf8 COLLATE=utf8_bin COMMENT='Settings related to Designer';

-- --------------------------------------------------------

--
-- Table structure for table `pma__export_templates`
--

CREATE TABLE `pma__export_templates` (
  `id` int(5) UNSIGNED NOT NULL,
  `username` varchar(64) COLLATE utf8_bin NOT NULL,
  `export_type` varchar(10) COLLATE utf8_bin NOT NULL,
  `template_name` varchar(64) COLLATE utf8_bin NOT NULL,
  `template_data` text COLLATE utf8_bin NOT NULL
) ENGINE=InnoDB DEFAULT CHARSET=utf8 COLLATE=utf8_bin COMMENT='Saved export templates';

-- --------------------------------------------------------

--
-- Table structure for table `pma__favorite`
--

CREATE TABLE `pma__favorite` (
  `username` varchar(64) COLLATE utf8_bin NOT NULL,
  `tables` text COLLATE utf8_bin NOT NULL
) ENGINE=InnoDB DEFAULT CHARSET=utf8 COLLATE=utf8_bin COMMENT='Favorite tables';

-- --------------------------------------------------------

--
-- Table structure for table `pma__history`
--

CREATE TABLE `pma__history` (
  `id` bigint(20) UNSIGNED NOT NULL,
  `username` varchar(64) COLLATE utf8_bin NOT NULL DEFAULT '',
  `db` varchar(64) COLLATE utf8_bin NOT NULL DEFAULT '',
  `table` varchar(64) COLLATE utf8_bin NOT NULL DEFAULT '',
  `timevalue` timestamp NOT NULL DEFAULT current_timestamp(),
  `sqlquery` text COLLATE utf8_bin NOT NULL
) ENGINE=InnoDB DEFAULT CHARSET=utf8 COLLATE=utf8_bin COMMENT='SQL history for phpMyAdmin';

-- --------------------------------------------------------

--
-- Table structure for table `pma__navigationhiding`
--

CREATE TABLE `pma__navigationhiding` (
  `username` varchar(64) COLLATE utf8_bin NOT NULL,
  `item_name` varchar(64) COLLATE utf8_bin NOT NULL,
  `item_type` varchar(64) COLLATE utf8_bin NOT NULL,
  `db_name` varchar(64) COLLATE utf8_bin NOT NULL,
  `table_name` varchar(64) COLLATE utf8_bin NOT NULL
) ENGINE=InnoDB DEFAULT CHARSET=utf8 COLLATE=utf8_bin COMMENT='Hidden items of navigation tree';

-- --------------------------------------------------------

--
-- Table structure for table `pma__pdf_pages`
--

CREATE TABLE `pma__pdf_pages` (
  `db_name` varchar(64) COLLATE utf8_bin NOT NULL DEFAULT '',
  `page_nr` int(10) UNSIGNED NOT NULL,
  `page_descr` varchar(50) CHARACTER SET utf8 NOT NULL DEFAULT ''
) ENGINE=InnoDB DEFAULT CHARSET=utf8 COLLATE=utf8_bin COMMENT='PDF relation pages for phpMyAdmin';

-- --------------------------------------------------------

--
-- Table structure for table `pma__recent`
--

CREATE TABLE `pma__recent` (
  `username` varchar(64) COLLATE utf8_bin NOT NULL,
  `tables` text COLLATE utf8_bin NOT NULL
) ENGINE=InnoDB DEFAULT CHARSET=utf8 COLLATE=utf8_bin COMMENT='Recently accessed tables';

--
-- Dumping data for table `pma__recent`
--

INSERT INTO `pma__recent` (`username`, `tables`) VALUES
('root', '[{\"db\":\"penggajian\",\"table\":\"data_pegawai\"},{\"db\":\"penggajian\",\"table\":\"data_kehadiran\"},{\"db\":\"penggajian\",\"table\":\"potongan_gaji\"},{\"db\":\"penggajian\",\"table\":\"data_jabatan\"},{\"db\":\"penggajian\",\"table\":\"hak_akses\"},{\"db\":\"sisfo_akademik\",\"table\":\"hubungi\"},{\"db\":\"sisfo_akademik\",\"table\":\"informasi\"},{\"db\":\"sisfo_akademik\",\"table\":\"tentang_kampus\"},{\"db\":\"sisfo_akademik\",\"table\":\"identitas\"},{\"db\":\"sisfo_akademik\",\"table\":\"dosen\"}]');

-- --------------------------------------------------------

--
-- Table structure for table `pma__relation`
--

CREATE TABLE `pma__relation` (
  `master_db` varchar(64) COLLATE utf8_bin NOT NULL DEFAULT '',
  `master_table` varchar(64) COLLATE utf8_bin NOT NULL DEFAULT '',
  `master_field` varchar(64) COLLATE utf8_bin NOT NULL DEFAULT '',
  `foreign_db` varchar(64) COLLATE utf8_bin NOT NULL DEFAULT '',
  `foreign_table` varchar(64) COLLATE utf8_bin NOT NULL DEFAULT '',
  `foreign_field` varchar(64) COLLATE utf8_bin NOT NULL DEFAULT ''
) ENGINE=InnoDB DEFAULT CHARSET=utf8 COLLATE=utf8_bin COMMENT='Relation table';

-- --------------------------------------------------------

--
-- Table structure for table `pma__savedsearches`
--

CREATE TABLE `pma__savedsearches` (
  `id` int(5) UNSIGNED NOT NULL,
  `username` varchar(64) COLLATE utf8_bin NOT NULL DEFAULT '',
  `db_name` varchar(64) COLLATE utf8_bin NOT NULL DEFAULT '',
  `search_name` varchar(64) COLLATE utf8_bin NOT NULL DEFAULT '',
  `search_data` text COLLATE utf8_bin NOT NULL
) ENGINE=InnoDB DEFAULT CHARSET=utf8 COLLATE=utf8_bin COMMENT='Saved searches';

-- --------------------------------------------------------

--
-- Table structure for table `pma__table_coords`
--

CREATE TABLE `pma__table_coords` (
  `db_name` varchar(64) COLLATE utf8_bin NOT NULL DEFAULT '',
  `table_name` varchar(64) COLLATE utf8_bin NOT NULL DEFAULT '',
  `pdf_page_number` int(11) NOT NULL DEFAULT 0,
  `x` float UNSIGNED NOT NULL DEFAULT 0,
  `y` float UNSIGNED NOT NULL DEFAULT 0
) ENGINE=InnoDB DEFAULT CHARSET=utf8 COLLATE=utf8_bin COMMENT='Table coordinates for phpMyAdmin PDF output';

-- --------------------------------------------------------

--
-- Table structure for table `pma__table_info`
--

CREATE TABLE `pma__table_info` (
  `db_name` varchar(64) COLLATE utf8_bin NOT NULL DEFAULT '',
  `table_name` varchar(64) COLLATE utf8_bin NOT NULL DEFAULT '',
  `display_field` varchar(64) COLLATE utf8_bin NOT NULL DEFAULT ''
) ENGINE=InnoDB DEFAULT CHARSET=utf8 COLLATE=utf8_bin COMMENT='Table information for phpMyAdmin';

-- --------------------------------------------------------

--
-- Table structure for table `pma__table_uiprefs`
--

CREATE TABLE `pma__table_uiprefs` (
  `username` varchar(64) COLLATE utf8_bin NOT NULL,
  `db_name` varchar(64) COLLATE utf8_bin NOT NULL,
  `table_name` varchar(64) COLLATE utf8_bin NOT NULL,
  `prefs` text COLLATE utf8_bin NOT NULL,
  `last_update` timestamp NOT NULL DEFAULT current_timestamp() ON UPDATE current_timestamp()
) ENGINE=InnoDB DEFAULT CHARSET=utf8 COLLATE=utf8_bin COMMENT='Tables'' UI preferences';

--
-- Dumping data for table `pma__table_uiprefs`
--

INSERT INTO `pma__table_uiprefs` (`username`, `db_name`, `table_name`, `prefs`, `last_update`) VALUES
('root', 'sisfo_akademik', 'user', '{\"sorted_col\":\"`user`.`id` ASC\"}', '2025-01-06 04:05:36');

-- --------------------------------------------------------

--
-- Table structure for table `pma__tracking`
--

CREATE TABLE `pma__tracking` (
  `db_name` varchar(64) COLLATE utf8_bin NOT NULL,
  `table_name` varchar(64) COLLATE utf8_bin NOT NULL,
  `version` int(10) UNSIGNED NOT NULL,
  `date_created` datetime NOT NULL,
  `date_updated` datetime NOT NULL,
  `schema_snapshot` text COLLATE utf8_bin NOT NULL,
  `schema_sql` text COLLATE utf8_bin DEFAULT NULL,
  `data_sql` longtext COLLATE utf8_bin DEFAULT NULL,
  `tracking` set('UPDATE','REPLACE','INSERT','DELETE','TRUNCATE','CREATE DATABASE','ALTER DATABASE','DROP DATABASE','CREATE TABLE','ALTER TABLE','RENAME TABLE','DROP TABLE','CREATE INDEX','DROP INDEX','CREATE VIEW','ALTER VIEW','DROP VIEW') COLLATE utf8_bin DEFAULT NULL,
  `tracking_active` int(1) UNSIGNED NOT NULL DEFAULT 1
) ENGINE=InnoDB DEFAULT CHARSET=utf8 COLLATE=utf8_bin COMMENT='Database changes tracking for phpMyAdmin';

-- --------------------------------------------------------

--
-- Table structure for table `pma__userconfig`
--

CREATE TABLE `pma__userconfig` (
  `username` varchar(64) COLLATE utf8_bin NOT NULL,
  `timevalue` timestamp NOT NULL DEFAULT current_timestamp() ON UPDATE current_timestamp(),
  `config_data` text COLLATE utf8_bin NOT NULL
) ENGINE=InnoDB DEFAULT CHARSET=utf8 COLLATE=utf8_bin COMMENT='User preferences storage for phpMyAdmin';

--
-- Dumping data for table `pma__userconfig`
--

INSERT INTO `pma__userconfig` (`username`, `timevalue`, `config_data`) VALUES
('root', '2025-01-07 03:57:12', '{\"Console\\/Mode\":\"collapse\"}');

-- --------------------------------------------------------

--
-- Table structure for table `pma__usergroups`
--

CREATE TABLE `pma__usergroups` (
  `usergroup` varchar(64) COLLATE utf8_bin NOT NULL,
  `tab` varchar(64) COLLATE utf8_bin NOT NULL,
  `allowed` enum('Y','N') COLLATE utf8_bin NOT NULL DEFAULT 'N'
) ENGINE=InnoDB DEFAULT CHARSET=utf8 COLLATE=utf8_bin COMMENT='User groups with configured menu items';

-- --------------------------------------------------------

--
-- Table structure for table `pma__users`
--

CREATE TABLE `pma__users` (
  `username` varchar(64) COLLATE utf8_bin NOT NULL,
  `usergroup` varchar(64) COLLATE utf8_bin NOT NULL
) ENGINE=InnoDB DEFAULT CHARSET=utf8 COLLATE=utf8_bin COMMENT='Users and their assignments to user groups';

--
-- Indexes for dumped tables
--

--
-- Indexes for table `pma__bookmark`
--
ALTER TABLE `pma__bookmark`
  ADD PRIMARY KEY (`id`);

--
-- Indexes for table `pma__central_columns`
--
ALTER TABLE `pma__central_columns`
  ADD PRIMARY KEY (`db_name`,`col_name`);

--
-- Indexes for table `pma__column_info`
--
ALTER TABLE `pma__column_info`
  ADD PRIMARY KEY (`id`),
  ADD UNIQUE KEY `db_name` (`db_name`,`table_name`,`column_name`);

--
-- Indexes for table `pma__designer_settings`
--
ALTER TABLE `pma__designer_settings`
  ADD PRIMARY KEY (`username`);

--
-- Indexes for table `pma__export_templates`
--
ALTER TABLE `pma__export_templates`
  ADD PRIMARY KEY (`id`),
  ADD UNIQUE KEY `u_user_type_template` (`username`,`export_type`,`template_name`);

--
-- Indexes for table `pma__favorite`
--
ALTER TABLE `pma__favorite`
  ADD PRIMARY KEY (`username`);

--
-- Indexes for table `pma__history`
--
ALTER TABLE `pma__history`
  ADD PRIMARY KEY (`id`),
  ADD KEY `username` (`username`,`db`,`table`,`timevalue`);

--
-- Indexes for table `pma__navigationhiding`
--
ALTER TABLE `pma__navigationhiding`
  ADD PRIMARY KEY (`username`,`item_name`,`item_type`,`db_name`,`table_name`);

--
-- Indexes for table `pma__pdf_pages`
--
ALTER TABLE `pma__pdf_pages`
  ADD PRIMARY KEY (`page_nr`),
  ADD KEY `db_name` (`db_name`);

--
-- Indexes for table `pma__recent`
--
ALTER TABLE `pma__recent`
  ADD PRIMARY KEY (`username`);

--
-- Indexes for table `pma__relation`
--
ALTER TABLE `pma__relation`
  ADD PRIMARY KEY (`master_db`,`master_table`,`master_field`),
  ADD KEY `foreign_field` (`foreign_db`,`foreign_table`);

--
-- Indexes for table `pma__savedsearches`
--
ALTER TABLE `pma__savedsearches`
  ADD PRIMARY KEY (`id`),
  ADD UNIQUE KEY `u_savedsearches_username_dbname` (`username`,`db_name`,`search_name`);

--
-- Indexes for table `pma__table_coords`
--
ALTER TABLE `pma__table_coords`
  ADD PRIMARY KEY (`db_name`,`table_name`,`pdf_page_number`);

--
-- Indexes for table `pma__table_info`
--
ALTER TABLE `pma__table_info`
  ADD PRIMARY KEY (`db_name`,`table_name`);

--
-- Indexes for table `pma__table_uiprefs`
--
ALTER TABLE `pma__table_uiprefs`
  ADD PRIMARY KEY (`username`,`db_name`,`table_name`);

--
-- Indexes for table `pma__tracking`
--
ALTER TABLE `pma__tracking`
  ADD PRIMARY KEY (`db_name`,`table_name`,`version`);

--
-- Indexes for table `pma__userconfig`
--
ALTER TABLE `pma__userconfig`
  ADD PRIMARY KEY (`username`);

--
-- Indexes for table `pma__usergroups`
--
ALTER TABLE `pma__usergroups`
  ADD PRIMARY KEY (`usergroup`,`tab`,`allowed`);

--
-- Indexes for table `pma__users`
--
ALTER TABLE `pma__users`
  ADD PRIMARY KEY (`username`,`usergroup`);

--
-- AUTO_INCREMENT for dumped tables
--

--
-- AUTO_INCREMENT for table `pma__bookmark`
--
ALTER TABLE `pma__bookmark`
  MODIFY `id` int(10) UNSIGNED NOT NULL AUTO_INCREMENT;

--
-- AUTO_INCREMENT for table `pma__column_info`
--
ALTER TABLE `pma__column_info`
  MODIFY `id` int(5) UNSIGNED NOT NULL AUTO_INCREMENT;

--
-- AUTO_INCREMENT for table `pma__export_templates`
--
ALTER TABLE `pma__export_templates`
  MODIFY `id` int(5) UNSIGNED NOT NULL AUTO_INCREMENT;

--
-- AUTO_INCREMENT for table `pma__history`
--
ALTER TABLE `pma__history`
  MODIFY `id` bigint(20) UNSIGNED NOT NULL AUTO_INCREMENT;

--
-- AUTO_INCREMENT for table `pma__pdf_pages`
--
ALTER TABLE `pma__pdf_pages`
  MODIFY `page_nr` int(10) UNSIGNED NOT NULL AUTO_INCREMENT;

--
-- AUTO_INCREMENT for table `pma__savedsearches`
--
ALTER TABLE `pma__savedsearches`
  MODIFY `id` int(5) UNSIGNED NOT NULL AUTO_INCREMENT;
--
-- Database: `siakad`
--
CREATE DATABASE IF NOT EXISTS `siakad` DEFAULT CHARACTER SET utf8mb4 COLLATE utf8mb4_general_ci;
USE `siakad`;

-- --------------------------------------------------------

--
-- Table structure for table `tb_mahasiswa`
--

CREATE TABLE `tb_mahasiswa` (
  `id` int(11) NOT NULL,
  `nama` varchar(120) NOT NULL,
  `nim` int(8) NOT NULL,
  `tgl_lahir` date NOT NULL,
  `jurusan` varchar(50) NOT NULL,
  `alamat` varchar(120) NOT NULL,
  `email` varchar(20) NOT NULL,
  `no_telp` varchar(20) NOT NULL,
  `foto` varchar(500) NOT NULL
) ENGINE=InnoDB DEFAULT CHARSET=utf8mb4;

--
-- Dumping data for table `tb_mahasiswa`
--

INSERT INTO `tb_mahasiswa` (`id`, `nama`, `nim`, `tgl_lahir`, `jurusan`, `alamat`, `email`, `no_telp`, `foto`) VALUES
(1, 'nanda prasetyo', 12345678, '2005-01-01', 'Sistem Informasi', 'gedangan', 'nanda@gmail.com', '09888989899', 'icon1.png'),
(2, 'Nando Abdillah', 18191713, '2008-02-01', 'Teknik Informatika', 'sukodono', 'dafarafansyah07@gmai', '0822381415', 'profil31.jpg');

--
-- Indexes for dumped tables
--

--
-- Indexes for table `tb_mahasiswa`
--
ALTER TABLE `tb_mahasiswa`
  ADD PRIMARY KEY (`id`);

--
-- AUTO_INCREMENT for dumped tables
--

--
-- AUTO_INCREMENT for table `tb_mahasiswa`
--
ALTER TABLE `tb_mahasiswa`
  MODIFY `id` int(11) NOT NULL AUTO_INCREMENT, AUTO_INCREMENT=3;
--
-- Database: `sisfo_akademik`
--
CREATE DATABASE IF NOT EXISTS `sisfo_akademik` DEFAULT CHARACTER SET utf8mb4 COLLATE utf8mb4_general_ci;
USE `sisfo_akademik`;

-- --------------------------------------------------------

--
-- Table structure for table `dosen`
--

CREATE TABLE `dosen` (
  `id_dosen` int(11) NOT NULL,
  `nidn` varchar(50) NOT NULL,
  `nama_dosen` varchar(50) NOT NULL,
  `alamat` varchar(50) NOT NULL,
  `jenis_kelamin` varchar(50) NOT NULL,
  `email` varchar(100) NOT NULL,
  `telp` varchar(50) NOT NULL,
  `photo` varchar(100) NOT NULL
) ENGINE=InnoDB DEFAULT CHARSET=utf8mb4;

--
-- Dumping data for table `dosen`
--

INSERT INTO `dosen` (`id_dosen`, `nidn`, `nama_dosen`, `alamat`, `jenis_kelamin`, `email`, `telp`, `photo`) VALUES
(1, '1234567891', 'Prayoga Satya', 'punggul gedangan', 'Laki-laki', 'ythiflaini@gmail.com', '0822381415', 'avatar5.png'),
(2, '0987654321', 'Fernanda Prasetya', 'tebel gedangan', 'Laki-laki', 'fernada12@gmail.com', '087851243', 'avatar7.jpeg');

-- --------------------------------------------------------

--
-- Table structure for table `hubungi`
--

CREATE TABLE `hubungi` (
  `id_hubungi` int(11) NOT NULL,
  `nama` varchar(50) NOT NULL,
  `email` varchar(50) NOT NULL,
  `pesan` varchar(250) NOT NULL
) ENGINE=InnoDB DEFAULT CHARSET=utf8mb4;

--
-- Dumping data for table `hubungi`
--

INSERT INTO `hubungi` (`id_hubungi`, `nama`, `email`, `pesan`) VALUES
(1, 'Najwa Intan', 'unsiber@gmail.com', 'bagaimana cara mendaftar secara online?');

-- --------------------------------------------------------

--
-- Table structure for table `identitas`
--

CREATE TABLE `identitas` (
  `id_identitas` int(11) NOT NULL,
  `judul_website` varchar(50) NOT NULL,
  `alamat` varchar(100) NOT NULL,
  `email` varchar(50) NOT NULL,
  `telp` varchar(50) NOT NULL
) ENGINE=InnoDB DEFAULT CHARSET=utf8mb4;

--
-- Dumping data for table `identitas`
--

INSERT INTO `identitas` (`id_identitas`, `judul_website`, `alamat`, `email`, `telp`) VALUES
(1, 'Universitas Indonesia Jaya', 'Jl Diponegoro No 45 Sidoarjo Jawa Timur', 'uinjaya@gmail.com', '084278467834');

-- --------------------------------------------------------

--
-- Table structure for table `informasi`
--

CREATE TABLE `informasi` (
  `id_informasi` int(11) NOT NULL,
  `icon` varchar(50) NOT NULL,
  `judul_informasi` varchar(50) NOT NULL,
  `isi_informasi` varchar(100) NOT NULL
) ENGINE=InnoDB DEFAULT CHARSET=utf8mb4;

--
-- Dumping data for table `informasi`
--

INSERT INTO `informasi` (`id_informasi`, `icon`, `judul_informasi`, `isi_informasi`) VALUES
(1, 'fas fa-wallet', 'Penerimaan Mahasiswa Baru', 'penerimaan murid tahun 2022'),
(2, 'fas fa-university', 'Jadwal Wisuda', 'pemberitahuan tentang jadwal wisuda gelombang 1 dan 2'),
(3, 'fas fa-edit', 'Pembayaran Uang Kuliah', 'pembayaran kuliah biasa dilakukan setiap bulannya'),
(4, 'fas fa-user-graduate', 'Bimbingan Skripsi', 'untuk bimbingan skripsi akan diadakan 3 hari silahkan hadir pada hari tersebut');

-- --------------------------------------------------------

--
-- Table structure for table `jurusan`
--

CREATE TABLE `jurusan` (
  `id_jurusan` int(11) NOT NULL,
  `kode_jurusan` varchar(3) NOT NULL,
  `nama_jurusan` varchar(25) NOT NULL
) ENGINE=InnoDB DEFAULT CHARSET=utf8mb4;

--
-- Dumping data for table `jurusan`
--

INSERT INTO `jurusan` (`id_jurusan`, `kode_jurusan`, `nama_jurusan`) VALUES
(1, 'TK', 'Teknik Komputer'),
(2, 'TI', 'Teknik Informatika'),
(3, 'MI', 'Manajement Informatika'),
(4, 'IK', 'Ilmu Komputer'),
(5, 'EB', 'Ekonomi dan Bisnis'),
(7, 'KB', 'Komunikasi dan Bahasa');

-- --------------------------------------------------------

--
-- Table structure for table `krs`
--

CREATE TABLE `krs` (
  `id_krs` int(11) NOT NULL,
  `id_thn_akad` int(10) NOT NULL,
  `nim` varchar(10) NOT NULL,
  `kode_matakuliah` varchar(10) NOT NULL,
  `nilai` varchar(3) NOT NULL
) ENGINE=InnoDB DEFAULT CHARSET=utf8mb4;

--
-- Dumping data for table `krs`
--

INSERT INTO `krs` (`id_krs`, `id_thn_akad`, `nim`, `kode_matakuliah`, `nilai`) VALUES
(1, 1, '18191713', 'MKK02', 'B'),
(2, 1, '18191713', 'MPK02', 'B'),
(3, 1, '12368976', 'MKK02', 'A'),
(4, 2, '00117788', 'MKB01', 'A'),
(5, 2, '00117788', 'MKU01', 'B'),
(6, 2, '00117788', 'MPK02', 'B');

-- --------------------------------------------------------

--
-- Table structure for table `mahasiswa`
--

CREATE TABLE `mahasiswa` (
  `id` int(11) NOT NULL,
  `nim` varchar(11) NOT NULL,
  `nama_lengkap` varchar(120) NOT NULL,
  `alamat` varchar(255) NOT NULL,
  `email` varchar(120) NOT NULL,
  `telepon` varchar(20) NOT NULL,
  `tempat_lahir` varchar(120) NOT NULL,
  `tanggal_lahir` date NOT NULL,
  `jenis_kelamin` enum('Laki-laki','Perempuan') NOT NULL,
  `nama_prodi` varchar(120) NOT NULL,
  `photo` varchar(255) NOT NULL
) ENGINE=InnoDB DEFAULT CHARSET=utf8mb4;

--
-- Dumping data for table `mahasiswa`
--

INSERT INTO `mahasiswa` (`id`, `nim`, `nama_lengkap`, `alamat`, `email`, `telepon`, `tempat_lahir`, `tanggal_lahir`, `jenis_kelamin`, `nama_prodi`, `photo`) VALUES
(1, '18191713', 'Nando Abdillah', 'sruni gedangan', 'nando@gmail.com', '08223814150', 'Surabaya', '2006-06-16', 'Laki-laki', 'Teknik Imformatica', 'profil1.jpg'),
(2, '12368976', 'Uni Bakwan', 'punggul gedangan', 'uniimoetz@gmail.com', '09888989899', 'Surabaya', '2007-01-09', 'Perempuan', 'Akutansi', 'avatar1.jpeg'),
(3, '00117788', 'Naufal fian', 'sukodono', 'naufalfian@gmail.com', '81234567', 'Malang', '2006-12-11', 'Laki-laki', 'Manejement Informatika', 'avatar6.png'),
(4, '987654', 'Yogi Erdi', 'punggul gedangan', 'ythiflaini@gmail.com', '0822381415', 'Sidoarjo', '2006-07-01', 'Laki-laki', 'Manejement Informatika', 'avatar3.png');

-- --------------------------------------------------------

--
-- Table structure for table `matakuliah`
--

CREATE TABLE `matakuliah` (
  `kode_matakuliah` varchar(10) NOT NULL,
  `nama_matakuliah` varchar(100) NOT NULL,
  `sks` int(5) NOT NULL,
  `semester` int(10) NOT NULL,
  `nama_prodi` varchar(100) NOT NULL
) ENGINE=InnoDB DEFAULT CHARSET=utf8mb4;

--
-- Dumping data for table `matakuliah`
--

INSERT INTO `matakuliah` (`kode_matakuliah`, `nama_matakuliah`, `sks`, `semester`, `nama_prodi`) VALUES
('MKK02', 'Matematika', 3, 4, 'Teknik Imformatica'),
('MKU01', 'Matematika Umum', 1, 2, 'Manejement Informatika'),
('MPK02', 'Sistem Basis Data', 4, 7, 'Manejement Informatika'),
('MKB01', 'Logika dan Algoritma', 6, 1, 'Teknik Imformatica');

-- --------------------------------------------------------

--
-- Table structure for table `prodi`
--

CREATE TABLE `prodi` (
  `id_prodi` int(11) NOT NULL,
  `kode_prodi` varchar(20) NOT NULL,
  `nama_prodi` varchar(25) NOT NULL,
  `nama_jurusan` varchar(25) NOT NULL
) ENGINE=InnoDB DEFAULT CHARSET=utf8mb4;

--
-- Dumping data for table `prodi`
--

INSERT INTO `prodi` (`id_prodi`, `kode_prodi`, `nama_prodi`, `nama_jurusan`) VALUES
(1, 'TI', 'Teknik Imformatica', 'Teknik Informatika'),
(2, 'AK', 'Akutansi', 'Ekonomi dan Bisnis'),
(3, 'MI', 'Manejement Informatika', 'Manajement Informatika'),
(4, 'SI', 'Sastra Inggris', 'Komunikasi dan Bahasa');

-- --------------------------------------------------------

--
-- Table structure for table `tahun_akademik`
--

CREATE TABLE `tahun_akademik` (
  `id_thn_akad` int(11) NOT NULL,
  `tahun_akademik` varchar(20) NOT NULL,
  `semester` varchar(20) NOT NULL,
  `status` varchar(20) NOT NULL
) ENGINE=InnoDB DEFAULT CHARSET=utf8mb4;

--
-- Dumping data for table `tahun_akademik`
--

INSERT INTO `tahun_akademik` (`id_thn_akad`, `tahun_akademik`, `semester`, `status`) VALUES
(1, '2020/2021', 'Ganjil', 'Aktif'),
(2, '2020/2021', 'Genap', 'Aktif'),
(3, '2021/2022', 'Ganjil', 'Aktif');

-- --------------------------------------------------------

--
-- Table structure for table `tentang_kampus`
--

CREATE TABLE `tentang_kampus` (
  `id` int(11) NOT NULL,
  `sejarah` varchar(1000) NOT NULL,
  `visi` varchar(250) NOT NULL,
  `misi` varchar(250) NOT NULL
) ENGINE=InnoDB DEFAULT CHARSET=utf8mb4;

--
-- Dumping data for table `tentang_kampus`
--

INSERT INTO `tentang_kampus` (`id`, `sejarah`, `visi`, `misi`) VALUES
(1, 'Universitas ini berdiri sejak 1995. Awal berdirinya universitas ini karena ada sekelompok orang cendikiawan yang berpikir bagaimana cara mengajarkan ilmunya. Para cendiiawan itu mulai mengumpulkan dana untuk pembangunan universitas ini. Saat ini universitas ini selalu mengalami perbaikan untuk pengajaran yang lebih baik lagi', 'untuk mencerdaskan generasi penerus bangsa disetiap tahunnya.', 'untuk bisa menjadi media tampung untuk orang orang yang ingin menuntut ilmu');

-- --------------------------------------------------------

--
-- Table structure for table `transkrip_nilai`
--

CREATE TABLE `transkrip_nilai` (
  `id_transkrip` int(11) NOT NULL,
  `nim` varchar(15) NOT NULL,
  `kode_matakuliah` varchar(15) NOT NULL,
  `nilai` varchar(15) NOT NULL
) ENGINE=InnoDB DEFAULT CHARSET=utf8mb4;

--
-- Dumping data for table `transkrip_nilai`
--

INSERT INTO `transkrip_nilai` (`id_transkrip`, `nim`, `kode_matakuliah`, `nilai`) VALUES
(1, '18191713', 'MKK02', 'B'),
(2, '18191713', 'MPK02', 'B'),
(3, '00117788', 'MKB01', 'A'),
(4, '00117788', 'MKU01', 'B'),
(5, '00117788', 'MPK02', 'B');

-- --------------------------------------------------------

--
-- Table structure for table `user`
--

CREATE TABLE `user` (
  `id` int(11) NOT NULL,
  `username` varchar(255) NOT NULL,
  `password` varchar(255) NOT NULL,
  `email` varchar(255) NOT NULL,
  `level` enum('admin','mahasiswa') NOT NULL,
  `blokir` enum('N','Y') NOT NULL,
  `id_sessions` varchar(255) NOT NULL
) ENGINE=InnoDB DEFAULT CHARSET=utf8mb4;

--
-- Dumping data for table `user`
--

INSERT INTO `user` (`id`, `username`, `password`, `email`, `level`, `blokir`, `id_sessions`) VALUES
(1, 'admin', '21232f297a57a5a743894a0e4a801fc3', 'admin@gmail.com', 'admin', 'N', ''),
(2, 'dafa', 'd9b1d7db4cd6e70935368a1efb10e377', 'dafarafansyah07@gmail.com', 'mahasiswa', 'N', 'd41d8cd98f00b204e9800998ecf8427e');

--
-- Indexes for dumped tables
--

--
-- Indexes for table `dosen`
--
ALTER TABLE `dosen`
  ADD PRIMARY KEY (`id_dosen`);

--
-- Indexes for table `hubungi`
--
ALTER TABLE `hubungi`
  ADD PRIMARY KEY (`id_hubungi`);

--
-- Indexes for table `identitas`
--
ALTER TABLE `identitas`
  ADD PRIMARY KEY (`id_identitas`);

--
-- Indexes for table `informasi`
--
ALTER TABLE `informasi`
  ADD PRIMARY KEY (`id_informasi`);

--
-- Indexes for table `jurusan`
--
ALTER TABLE `jurusan`
  ADD PRIMARY KEY (`id_jurusan`);

--
-- Indexes for table `krs`
--
ALTER TABLE `krs`
  ADD PRIMARY KEY (`id_krs`);

--
-- Indexes for table `mahasiswa`
--
ALTER TABLE `mahasiswa`
  ADD PRIMARY KEY (`id`);

--
-- Indexes for table `prodi`
--
ALTER TABLE `prodi`
  ADD PRIMARY KEY (`id_prodi`);

--
-- Indexes for table `tahun_akademik`
--
ALTER TABLE `tahun_akademik`
  ADD PRIMARY KEY (`id_thn_akad`);

--
-- Indexes for table `tentang_kampus`
--
ALTER TABLE `tentang_kampus`
  ADD PRIMARY KEY (`id`);

--
-- Indexes for table `transkrip_nilai`
--
ALTER TABLE `transkrip_nilai`
  ADD PRIMARY KEY (`id_transkrip`);

--
-- Indexes for table `user`
--
ALTER TABLE `user`
  ADD PRIMARY KEY (`id`);

--
-- AUTO_INCREMENT for dumped tables
--

--
-- AUTO_INCREMENT for table `dosen`
--
ALTER TABLE `dosen`
  MODIFY `id_dosen` int(11) NOT NULL AUTO_INCREMENT, AUTO_INCREMENT=3;

--
-- AUTO_INCREMENT for table `hubungi`
--
ALTER TABLE `hubungi`
  MODIFY `id_hubungi` int(11) NOT NULL AUTO_INCREMENT, AUTO_INCREMENT=2;

--
-- AUTO_INCREMENT for table `identitas`
--
ALTER TABLE `identitas`
  MODIFY `id_identitas` int(11) NOT NULL AUTO_INCREMENT, AUTO_INCREMENT=2;

--
-- AUTO_INCREMENT for table `informasi`
--
ALTER TABLE `informasi`
  MODIFY `id_informasi` int(11) NOT NULL AUTO_INCREMENT, AUTO_INCREMENT=5;

--
-- AUTO_INCREMENT for table `jurusan`
--
ALTER TABLE `jurusan`
  MODIFY `id_jurusan` int(11) NOT NULL AUTO_INCREMENT, AUTO_INCREMENT=8;

--
-- AUTO_INCREMENT for table `krs`
--
ALTER TABLE `krs`
  MODIFY `id_krs` int(11) NOT NULL AUTO_INCREMENT, AUTO_INCREMENT=7;

--
-- AUTO_INCREMENT for table `mahasiswa`
--
ALTER TABLE `mahasiswa`
  MODIFY `id` int(11) NOT NULL AUTO_INCREMENT, AUTO_INCREMENT=5;

--
-- AUTO_INCREMENT for table `prodi`
--
ALTER TABLE `prodi`
  MODIFY `id_prodi` int(11) NOT NULL AUTO_INCREMENT, AUTO_INCREMENT=6;

--
-- AUTO_INCREMENT for table `tahun_akademik`
--
ALTER TABLE `tahun_akademik`
  MODIFY `id_thn_akad` int(11) NOT NULL AUTO_INCREMENT, AUTO_INCREMENT=4;

--
-- AUTO_INCREMENT for table `tentang_kampus`
--
ALTER TABLE `tentang_kampus`
  MODIFY `id` int(11) NOT NULL AUTO_INCREMENT, AUTO_INCREMENT=2;

--
-- AUTO_INCREMENT for table `transkrip_nilai`
--
ALTER TABLE `transkrip_nilai`
  MODIFY `id_transkrip` int(11) NOT NULL AUTO_INCREMENT, AUTO_INCREMENT=6;

--
-- AUTO_INCREMENT for table `user`
--
ALTER TABLE `user`
  MODIFY `id` int(11) NOT NULL AUTO_INCREMENT, AUTO_INCREMENT=3;
--
-- Database: `test`
--
CREATE DATABASE IF NOT EXISTS `test` DEFAULT CHARACTER SET latin1 COLLATE latin1_swedish_ci;
USE `test`;
--
-- Database: `toko_online`
--
CREATE DATABASE IF NOT EXISTS `toko_online` DEFAULT CHARACTER SET utf8mb4 COLLATE utf8mb4_general_ci;
USE `toko_online`;

-- --------------------------------------------------------

--
-- Table structure for table `tb_barang`
--

CREATE TABLE `tb_barang` (
  `id_brg` int(11) NOT NULL,
  `nama_brg` varchar(120) NOT NULL,
  `keterangan` varchar(225) NOT NULL,
  `kategori` varchar(60) NOT NULL,
  `harga` int(11) NOT NULL,
  `stok` int(4) NOT NULL,
  `gambar` text NOT NULL
) ENGINE=InnoDB DEFAULT CHARSET=utf8mb4;

--
-- Dumping data for table `tb_barang`
--

INSERT INTO `tb_barang` (`id_brg`, `nama_brg`, `keterangan`, `kategori`, `harga`, `stok`, `gambar`) VALUES
(1, 'Bola Sepak', 'bola sepak unik', 'Peralatan Olahraga', 750000, 15, 'bola.jpg'),
(2, 'sepatu high heels', 'sepatu hak tinggi untuk wanita', 'Pakaian Wanita', 1100000, 20, 'sepatuH11.jpg'),
(3, 'jam tangan', 'jam tangan mewah', 'Pakaian Pria', 120000, 7, 'jam1.jpg'),
(4, 'kemeja', 'kemeja bahan katun', 'Pakaian Pria', 1200000, 10, 'kemeja1.jpg'),
(5, 'Kaos anak', 'kaos anak motif hewan', 'Pakaian Anak', 850000, 14, 'baju1.jpg'),
(6, 'laptop', 'Laptop Lenovo 8/128', 'Elektronik', 1500000, 21, 'laptop1.jpg');

-- --------------------------------------------------------

--
-- Table structure for table `tb_invoice`
--

CREATE TABLE `tb_invoice` (
  `id` int(11) NOT NULL,
  `nama` varchar(60) NOT NULL,
  `alamat` varchar(225) NOT NULL,
  `tgl_pesan` datetime NOT NULL,
  `batas_bayar` datetime NOT NULL
) ENGINE=InnoDB DEFAULT CHARSET=utf8mb4;

--
-- Dumping data for table `tb_invoice`
--

INSERT INTO `tb_invoice` (`id`, `nama`, `alamat`, `tgl_pesan`, `batas_bayar`) VALUES
(2, 'NandoABD', 'punggul gedangan', '2025-01-06 10:33:53', '2025-01-07 10:33:53'),
(3, 'NandoABD', 'punggul gedangan', '2025-01-06 10:36:47', '2025-01-07 10:36:47'),
(4, 'NandoABD', 'punggul gedangan', '2025-01-06 10:41:36', '2025-01-07 10:41:36');

-- --------------------------------------------------------

--
-- Table structure for table `tb_pesanan`
--

CREATE TABLE `tb_pesanan` (
  `id` int(11) NOT NULL,
  `id_invoice` int(11) NOT NULL,
  `id_brg` int(11) NOT NULL,
  `nama_brg` varchar(50) NOT NULL,
  `jumlah` int(3) NOT NULL,
  `harga` int(10) NOT NULL,
  `pilihan` text NOT NULL
) ENGINE=InnoDB DEFAULT CHARSET=utf8mb4;

--
-- Dumping data for table `tb_pesanan`
--

INSERT INTO `tb_pesanan` (`id`, `id_invoice`, `id_brg`, `nama_brg`, `jumlah`, `harga`, `pilihan`) VALUES
(1, 2, 4, 'kemeja', 1, 1200000, ''),
(2, 2, 3, 'jam tangan', 1, 120000, ''),
(3, 3, 2, 'sepatu high heels', 1, 1100000, ''),
(4, 4, 3, 'jam tangan', 1, 120000, '');

--
-- Triggers `tb_pesanan`
--
DELIMITER $$
CREATE TRIGGER `pesanan_penjualan` AFTER INSERT ON `tb_pesanan` FOR EACH ROW BEGIN
	UPDATE tb_barang SET stok=stok-NEW.jumlah
    WHERE id_brg = NEW.id_brg;
END
$$
DELIMITER ;

-- --------------------------------------------------------

--
-- Table structure for table `tb_user`
--

CREATE TABLE `tb_user` (
  `id` int(11) NOT NULL,
  `nama` varchar(50) NOT NULL,
  `username` varchar(50) NOT NULL,
  `password` varchar(50) NOT NULL,
  `role_id` tinyint(1) NOT NULL
) ENGINE=InnoDB DEFAULT CHARSET=utf8mb4;

--
-- Dumping data for table `tb_user`
--

INSERT INTO `tb_user` (`id`, `nama`, `username`, `password`, `role_id`) VALUES
(1, 'Yogi Erdi', 'yogi', '123', 1),
(2, 'Nando Abdillah', 'nando', '123', 2);

--
-- Indexes for dumped tables
--

--
-- Indexes for table `tb_barang`
--
ALTER TABLE `tb_barang`
  ADD PRIMARY KEY (`id_brg`);

--
-- Indexes for table `tb_invoice`
--
ALTER TABLE `tb_invoice`
  ADD PRIMARY KEY (`id`);

--
-- Indexes for table `tb_pesanan`
--
ALTER TABLE `tb_pesanan`
  ADD PRIMARY KEY (`id`);

--
-- Indexes for table `tb_user`
--
ALTER TABLE `tb_user`
  ADD PRIMARY KEY (`id`);

--
-- AUTO_INCREMENT for dumped tables
--

--
-- AUTO_INCREMENT for table `tb_barang`
--
ALTER TABLE `tb_barang`
  MODIFY `id_brg` int(11) NOT NULL AUTO_INCREMENT, AUTO_INCREMENT=7;

--
-- AUTO_INCREMENT for table `tb_invoice`
--
ALTER TABLE `tb_invoice`
  MODIFY `id` int(11) NOT NULL AUTO_INCREMENT, AUTO_INCREMENT=5;

--
-- AUTO_INCREMENT for table `tb_pesanan`
--
ALTER TABLE `tb_pesanan`
  MODIFY `id` int(11) NOT NULL AUTO_INCREMENT, AUTO_INCREMENT=5;

--
-- AUTO_INCREMENT for table `tb_user`
--
ALTER TABLE `tb_user`
  MODIFY `id` int(11) NOT NULL AUTO_INCREMENT, AUTO_INCREMENT=3;
COMMIT;

/*!40101 SET CHARACTER_SET_CLIENT=@OLD_CHARACTER_SET_CLIENT */;
/*!40101 SET CHARACTER_SET_RESULTS=@OLD_CHARACTER_SET_RESULTS */;
/*!40101 SET COLLATION_CONNECTION=@OLD_COLLATION_CONNECTION */;
